OBJECTID;COUNTRY;NAME;N_TURBINES;POWER_MW;STATUS;TYPE_INST;UPDT_YEAR;START_YEAR;COAST_DIST_M;AREA_SQKM;NOTES;Shape_Length;Shape_Area
1;United Kingdom;Galson (Lewis 10MW);10;10;Planned; ;0;0;45,48415879;4,756626665; ;0,124677946;0,000730802
2;United Kingdom;Islay Demo Zone;10;10;Approved; ;0;0;1122,942248;27,6115373; ;0,291914444;0,003945596
3;United Kingdom;North West Lewis (30MW);30;30;Planned; ;0;0;0;51,06208116; ;1,28208171;0,007829191
4;United Kingdom;Brough Ness;66;99;Planned; ;0;0;262,1046839;2,990515215; ;0,139682917;0,000463452
5;United Kingdom;Brims Tidal Array;200;200;Planned; ;0;0;410,9712953;11,031453; ;0,317196709;0,001711473
6;United Kingdom;Brough Head;50;50;Planned; ;0;0;0;24,11597888; ;0,934577208;0,003776121
7;United Kingdom;EMEC Stronsay Firth;0;0;Planned; ;0;0;67,06070359;23,7013915; ;0,265970601;0,003709285
8;United Kingdom;Firth of Forth Met Mast;1;0;Production; ;0;0;29720,43471;0,010007041; ;0,0050552;1,46355E-06
9;United Kingdom;Portland Bill;0;30;Planned; ;0;0;1614,487128;3,095955505; ;0,10723533;0,000392257
10;United Kingdom;Mull of Galloway;0;0;Planned; ;0;0;604,7298762;3,625768421; ;0,102842275;0,000504305
11;United Kingdom;Ness of Duncansby;0;100;Planned; ;0;0;680,4353493;2,424330032; ;0,099874014;0,000375031
12;United Kingdom;NOAH Met Mast;1;0;Production; ;0;0;4983,967117;0,195833173; ;0,01971893;2,75889E-05
13;United Kingdom;North Devon Demo Zone;0;0;Dismantled; ;0;0;170,7414017;34,13617843; ;0,442441782;0,00439474
14;United Kingdom;Sanda Sound;0;0,035;Approved; ;0;0;653,0547452;0,020180668; ;0,011264456;2,85414E-06
15;United Kingdom;Scarweather Sands Met Mast;1;0;Dismantled; ;0;0;8166,582792;0,031385359; ;0,007443049;4,06052E-06
16;United Kingdom;Shell Flats No. 1 (Western) Met Mast;1;0;Production; ;0;0;15769,86446;0,031392596; ;0,007722959;4,28674E-06
17;United Kingdom;Shell Flats No. 2 (Eastern) Met Mast;1;0;Production; ;0;0;10035,84887;0,031393373; ;0,007724787;4,28824E-06
18;United Kingdom;St David's Head;1;10;Dismantled; ;0;0;247,6600386;1,619174959; ;0,068267506;0,000211441
19;United Kingdom;Strangford Lough Array;0;20;Planned; ;0;0;127,2565496;0,513987603; ;0,056061277;7,10212E-05
20;United Kingdom;Strangford Lough SeaGen;1;1,2;Dismantled; ;0;0;277,4575402;0,00782893; ;0,003890644;1,08213E-06
21;United Kingdom;Westray South;200;200;Planned; ;0;0;560,0883765;12,64123084; ;0,205457902;0,001984578
22;United Kingdom;Docking Shoal Met Mast;1;0;Dismantled; ;0;0;18889,82124;0,031374045; ;0,007633983;4,21446E-06
23;Denmark;Fanm Bugt;0;0;Planned; ;0;0;16822,22361;236,2384204; ;0,89461495;0,033356358
24;Denmark;Frederikshavn;0;0;Planned;Grounded;2026;0;8136,957541;522,3975997; ;1,41422614;0,078329027
25;Denmark;Nordsren II vest;0;0;Planned; ;0;0;107551,0544;353,5338051; ;1,149829618;0,050582144
26;Denmark;Vesterhav Syd;20;168;Production;Grounded;2026;0;4096,542123;46,58809582; ;0,397145007;0,006716204
27;Denmark;Bornholm II;0;0;Planned; ;0;0;8013,135861;661,3359496; ;2,115383648;0,092368098
28;Denmark;Jammerbugt;0;0;Planned; ;0;0;19922,75591;162,2304015; ;1,199551538;0,02422068
29;Denmark;Krigers Flak Nord;0;0;Planned; ;0;0;15010,56236;98,08013717; ;0,570941879;0,013819807
30;Denmark;Kattegat I;0;0;Planned; ;0;0;15019,33592;914,1376362; ;2,067095608;0,134727187
31;Denmark;Kattegat II;0;0;Planned; ;0;0;14997,41804;122,039142; ;0,837776047;0,017732582
32;Denmark;Nordsren III vest;0;0;Planned; ;0;0;109379,6883;4484,323143; ;4,609766598;0,648767079
33;Denmark;Vesterhav Nord;21;176;Construction;Grounded;2026;0;3994,347038;58,39284739; ;0,449470812;0,008542773
34;Denmark;Bornholm I;0;0;Planned; ;0;0;5278,915471;422,0729934; ;1,426312203;0,059225466
35;Denmark;Bornholm III;0;0;Planned; ;0;0;41701,4416;61,09073468; ;0,632983291;0,008487486
36;Denmark;Nordsren II;0;0;Planned; ;0;0;49194,17295;1872,94141; ;2,71549342;0,271655864
37;Denmark;Bornholm I;0;0;Planned; ;0;0;5000,55138;71,20235897; ;0,422362478;0,010035933
38;Denmark;Jyske Banke;0;0;Planned; ;0;0;43772,74317;802,712231; ;3,04486904;0,118727833
39;Denmark;Krigers Flak Syd;0;0;Planned; ;0;0;14997,87344;75,25241159; ;0,722000024;0,010536173
40;Denmark;Nordsren III;0;0;Planned; ;0;0;73863,31626;1642,587692; ;2,30798522;0,24007788
41;Denmark;Hesselk;0;0;Planned; ;0;0;19402,92127;246,8517335; ;0,917985426;0,035948583
42;Denmark;Bornholm;0;100;Planned; ;2024;0;5448,413883;34,70536312; ;0,351234713;0,004871085
43;Denmark;Nordsren I;0;0;Planned; ;0;0;19964,41933;3176,148975; ;3,229937941;0,457433147
44;Denmark;Samsa;10;23;Production; ;2025;2003;3456,959776;0,882530631; ;0,060560869;0,000126145
45;Denmark;Horns Rev I;80;160;Production; ;0;2002;13863,4889;19,62375161; ;0,231339312;0,002788168
46;Denmark;Anholt;111;399,6;Production;Grounded;2026;2012;15488,51829;90,47530651; ;0,578813729;0,013228267
47;Denmark;Middelgrunden;20;40;Production; ;2024;0;1137,778152;1,112638454; ;0,075018057;0,000158907
48;Denmark;Frederikshavn Offshore;3;10,6;Production; ;2025;2003;0;0,241544184; ;0,027362975;3,61199E-05
49;Denmark;Nissum Bredning;4;28;Production;Grounded;2026;0;552,0970642;1,033174763; ;0,053087284;0,000151339
50;Denmark;Horns Rev II;91;209,3;Production; ;0;2009;28725,07362;31,37792024; ;0,288064125;0,004471047
51;Denmark;Kriegers Flak K2-K3;72;605;Production; ;2026;2021;13553,54873;173,145563; ;1,0780072;0,024317991
52;Denmark;Nysted;72;165,6;Production; ;0;2003;4268,795448;23,04548425; ;0,255023219;0,003199364
53;Denmark;Sprogo;7;21;Production; ;0;2009;517,2080493;0,880490673; ;0,095585779;0,000124655
54;Denmark;Tunø Knob;10;5;Production; ;2025;1995;2887,190693;0,320264455; ;0,027235085;4,60648E-05
55;Denmark;Avedøre Holme;3;10,8;Production; ;2024;2011;0;0,341857041; ;0,040488511;4,87139E-05
56;Denmark;Horns Rev III;49;407;Production; ;2025;2019;22454,02963;90,30657923; ;0,5267831;0,012898481
57;Denmark;Rodsand II;90;207;Production; ;2025;2010;1583,234311;31,72539083; ;0,365909422;0,004404961
58;Denmark;Nordre Flint;0;160;Planned; ;2024;0;2596,116178;17,62527643; ;0,254648105;0,002514387
59;Denmark;Kadetbanke;0;864;Planned; ;0;0;12052,1015;71,60542634; ;0,662550964;0,010004349
60;Denmark;Frederikshavn Offshore Demo;5;72;Approved; ;2025;0;999,2954301;5,734702985; ;0,13607988;0,000857461
61;Denmark;Aflandshage;0;250;Planned; ;2024;0;7991,035651;43,31161163; ;0,364064093;0,006146037
62;Denmark;Lillebklt Syd;0;160;Planned; ;0;0;2315,854062;37,31277706; ;0,331072951;0,005263062
63;Denmark;NW Grund;0;0;Planned; ;0;0;1145,646782;1,648079256; ;0,066666666;0,000233333
64;Denmark;Mejl Flak;0;120;Planned; ;0;0;2440,389446;56,00040932; ;0,422165477;0,00806153
65;Denmark;Trem Mkllebugt;0;720;Planned; ;0;0;19223,28151;52,21836823; ;0,438773727;0,007670809
66;Denmark;Lillebælt-Syd (Lillegrund);0;160;Approved; ;2026;0;1627,686451;54,21404402; ;0,390798343;0,007630334
67;Denmark;Omo Syd;0;320;Planned; ;2025;0;5719,421582;24,54101673; ;0,252342252;0,003447895
68;Denmark;Paludan Flak;0;228;Planned; ;0;0;2976,848635;14,24572316; ;0,180912689;0,002035876
69;Denmark;Jammerland Bugt;0;240;Approved; ;2026;0;6009,065621;31,13593186; ;0,35098993;0,004433319
70;Latvia;E4;0;0;Planned; ;2019;0;11521,98988;607,6615612; ;1,494376379;0,090097582
71;Latvia;E1;0;0;Planned; ;2019;0;38190,59605;407,6059215; ;1,295938223;0,058827932
72;Latvia;E2;0;0;Planned; ;2019;0;18195,57531;100,5303342; ;0,532343436;0,014518152
73;Latvia;E3;0;0;Planned; ;2019;0;10923,95598;348,9564884; ;1,041587017;0,051403576
74;Latvia;E5;0;0;Planned; ;2019;0;11674,08976;183,7784736; ;0,849899477;0,027790862
75;Netherlands;IJmuiden Ver;0;4000;Planned; ;0;0;49466,89814;1172,060155; ;1,985665552;0,156443409
76;Netherlands;Hollandse Kust D;0;0;Planned; ;0;0;51467,16091;349,097588; ;1,165577346;0,046245797
77;Netherlands;Hollandse Kust E;0;0;Planned; ;0;0;25149,64135;189,5768869; ;0,875355475;0,025298803
78;Netherlands;Hollandse Kust (West);0;1400;Planned; ;0;0;33940,28853;217,3353458; ;0,69338512;0,028639056
79;Netherlands;Hollandse Kust F;0;0;Planned; ;0;0;49025,26367;30,40667249; ;0,314013985;0,003990372
80;Netherlands;Borssele Kavel V;2;19;Production; ;2025;2020;34823,96128;0,589997719; ;0,044064499;7,67161E-05
81;Netherlands;HKZ Kavel IV;70;700;Construction; ;2016;0;18604,03447;90,19601863; ;0,583604675;0,011890362
82;Netherlands;HKZ Kavel III;70;700;Construction; ;2016;0;18625,92989;53,80671284; ;0,380663612;0,007076501
83;Netherlands;HKZ Kavel II;70;700;Construction; ;2016;0;23510,24223;47,77877029; ;0,332869131;0,006293311
84;Netherlands;HKZ Kavel I;70;700;Construction; ;2016;0;22358,89874;67,25992235; ;0,571905973;0,008877361
85;Netherlands;HKN Kavel V;0;0;Approved; ;0;0;18675,27755;126,4368697; ;0,6408477;0,016808668
86;United Kingdom;NE1;0;0;Planned; ;2021;0;22486,0881;751,0922568; ;1,793373777;0,121891026
87;France;Courseulles-sur-mer;64;450;Construction;Grounded;2026;0;9738,538433;67,17983116; ;0,455593496;0,008334208
88;France;Fécamp Offshore Hautes Falaises;71;497;Production;Grounded;2026;2024;11246,60156;87,95717645; ;0,481986977;0,011005486
89;France;Dieppe Le Tréport;62;496;Approved;Grounded;2026;0;14709,25063;109,3685241; ;0,533810082;0,013757328
90;France;Centre-Manche 1;0;1000;Planned;Grounded;2026;0;33174,15429;182,2972084; ;0,685412706;0,022801611
91;France;Sud de la Bretagne;0;250;Planned; ;0;0;15251,9703;130,4556915; ;0,657884249;0,015527095
92;France;Dunkerque;0;598;Approved;Grounded;2026;0;8853,415603;72,39421322; ;0,538630939;0,009300831
93;France;Provence Grand Large Faraman;3;25,19;Production; ;2026;2025;14408,58531;0,782283733; ;0,05961393;8,6625E-05
94;France;Gruissan;3;30;Construction; ;2025;0;17737,43265;5,554323047; ;0,10716266;0,000613364
95;France;Leucate-Le Barcarès;0;30;Test site; ;0;0;14862,23565;5,112857991; ;0,100987869;0,000563063
96;France;Saint-Brieuc;62;496;Production;Grounded;2026;2024;15680,28292;102,5879541; ;0,462596818;0,012569446
97;France;Méditerranée;0;250;Planned; ;0;0;22157,73491;295,7544623; ;0,840206001;0,032666851
98;France;Méditerranée;0;250;Planned; ;0;0;22124,98157;311,8503566; ;0,792015676;0,034470432
99;France;Méditerranée;0;250;Planned; ;0;0;23342,21251;363,4004982; ;0,825360355;0,039946503
100;France;Sud Atlantique;0;1000;Planned; ;0;0;37152,7577;180,0886417; ;0,639984428;0,020851389
101;France;Sud Atlantique;0;1000;Planned; ;0;0;47167,93129;252,4794708; ;0,707099259;0,029217451
102;France;Centre-Manche 2;0;1500;Planned; ;0;0;37137,21958;268,9842872; ;0,859759942;0,033619632
103;France;Saint-Nazaire;80;480;Production; ;2025;2022;11306,47669;78,10863615; ;0,510723882;0,009266389
104;France;Iles d'Yeu et de Noirmoutier;62;488;Construction; ;2025;0;11671,53209;111,8839823; ;0,490030748;0,0132
105;France;Groix et Belle-Île;3;28;Test site; ;0;0;11210,1057;14,38312654; ;0,178934671;0,001716659
106;Ireland;Arklow Bank Phase 2;100;1000;Planned; ;2025;0;5830,075737;82,44795952; ;0,593896356;0,010981423
107;Ireland;Kilmichael Point;0;500;Planned; ;0;0;4789,586558;428,3008272; ;1,272068931;0,056873816
108;Ireland;Clogher Head;0;500;Planned; ;2025;0;4890,95283;124,839947; ;0,571918741;0,017029128
109;Ireland;Sceirde (Skerd) Rocks;0;400;Planned; ;2025;0;2688,570897;29,39969737; ;0,26460181;0,003959246
110;Ireland;Arklow Bank Phase 1;7;25,2;Production; ;2025;2003;9482,272914;3,490393757; ;0,0934703;0,000464854
111;Ireland;North Celtic Sea;0;1000;Planned; ;2025;0;2636,321743;819,5680189; ;1,857592742;0,107317356
112;Ireland;AFLOWT;0;0;Planned; ;0;0;1958,768373;0,237008838; ;0,022881408;3,26525E-05
113;Ireland;Setanta;0;1000;Planned; ;2024;0;6818,138417;203,3357136; ;0,788103737;0,027714016
114;Ireland;Cooley Point;0;0;Planned; ;0;0;5170,078689;182,3025205; ;0,90658989;0,024887653
115;Ireland;Floating Power Plant - Ireland;0;0;Planned; ;0;0;2607,866307;1,95066317; ;0,061799104;0,000264844
116;Ireland;Inis Ealga FOW;0;1000;Planned; ;0;0;7253,790574;272,0726636; ;1,860238985;0,035398029
117;Ireland;South Irish Sea Project;0;1330;Planned; ;2025;0;11636,74428;418,5790966; ;1,244544831;0,055478817
118;Ireland;Inis Ealge Marine Energy Park - DP Ireland;0;0;Planned; ;0;0;0;1009,408557; ;3,307099861;0,13144137
119;Ireland;Emerald Project - Simply Blue Energy;0;0;Planned; ;0;0;0;825,1711873; ;1,716210234;0,107323729
120;Belgium;Belwind phase 1;55;165;Production; ;2024;2010;40610,6845;14,74074503; ;0,208409758;0,001915003
121;Belgium;Rentel;42;309;Production;Grounded;2026;2018;28354,72882;23,26581643; ;0,260649084;0,003017221
122;Belgium;Norther;44;369,6;Production;Grounded;2026;2018;19797,75862;38,44205019; ;0,352805069;0,004979139
123;Belgium;Seamade (SeaStar);30;252;Production;Grounded;2026;2020;36085,9539;18,42585894; ;0,222749003;0,002391994
124;Belgium;Northwester 2;23;219;Production;Grounded;2026;2020;44480,72733;11,72932499; ;0,176358331;0,001524816
125;Spain;Motriku;16;0,3;Production; ;0;0;280,0696403;2,70854E-06; ;6,15302E-05;3,00513E-10
126;United Kingdom;Fair Head;0;100;Planned; ;0;0;842,6875197;3,336242282; ;0,120344684;0,000471022
127;United Kingdom;Torr Head;50;100;Approved; ;0;0;213,44044;6,797721024; ;0,133269781;0,000959055
128;United Kingdom;Holyhead Deep;20;10;Approved; ;0;0;4897,759537;9,176442558; ;0,147027635;0,001237045
129;United Kingdom;Ramsey Sound;1;0,4;Dismantled; ;0;0;193,1997554;0,597384004; ;0,048207408;7,79645E-05
130;United Kingdom;Strangford Lough;0;0,3;Production; ;0;0;246,580179;0,075008881; ;0,020670223;1,0372E-05
131;United Kingdom;West Anglesey Demonstration Zone;0;0;Planned; ;0;0;523,2546051;35,04359165; ;0,30253221;0,004722067
132;United Kingdom;Bardsey Sound;0;0;Approved; ;0;0;430,1014431;3,336338456; ;0,090092094;0,000444288
133;United Kingdom;Holyhead Deep 0.5MW Site;0;1,2;Approved; ;0;0;5543,874152;1,500253299; ;0,061247178;0,000202171
134;United Kingdom;Perpetuus Tidal Energy Centre (PTEC);1;30;Approved; ;0;0;2300,769949;5,017489002; ;0,175681043;0,000636504
135;United Kingdom;META Phase 2 - East Pickard Bay;0;0;Production; ;0;0;346,3893493;0,959260634; ;0,071712897;0,000124609
136;United Kingdom;META Phase 2 - Dale Roads;0;0;Production; ;0;0;178,0422987;0,195617927; ;0,021117916;2,54373E-05
137;United Kingdom;META Phase 2 - Warrior Way;0;0;Production; ;0;0;750,6907767;0,091529064; ;0,018649533;1,18997E-05
138;United Kingdom;FabTest, Falmouth Bay;0;3;Test site; ;0;0;2263,21624;2,8495712; ;0,080485105;0,000358134
139;United Kingdom;EMEC Bilia Croo;0;0;Production; ;0;0;0;7,418760784; ;0,195311221;0,00115806
140;United Kingdom;EMEC Fall of Wareness;0;0;Production; ;0;0;0;9,10584944; ;0,222783724;0,001428254
141;United Kingdom;Sound of Islay;10;10;Approved; ;0;0;210,9583518;0,351767068; ;0,035726084;5,043E-05
142;United Kingdom;Isle of Islay;30;30;Approved; ;0;0;4575,944364;2,279571684; ;0,10914029;0,000325292
143;United Kingdom;Mull of Kintyre;7;2,5;Approved; ;0;0;131,0837155;25,73176416; ;0,275796081;0,003640231
144;United Kingdom;EMEC Scapa Flow;0;0;Production; ;0;0;293,2471137;1,391869023; ;0,059341573;0,000216728
145;United Kingdom;EMEC Shapinsay Sound;0;0;Production; ;0;0;533,9700787;1,409689503; ;0,070423775;0,000220191
146;United Kingdom;Lashy Sound;15;10;Approved; ;0;0;221,2733314;4,193958077; ;0,133248794;0,000659234
147;United Kingdom;Inner Sound;4;398;Production; ;0;0;396,0986129;3,275335104; ;0,180031677;0,000506613
148;United Kingdom;Mingary;0;0;Planned; ;0;0;24,7718883;0,721219235; ;0,056733633;0,000105702
149;United Kingdom;Bluemull Sound;1;0,3;Production; ;0;0;175,0518637;0,077876093; ;0,015168753;1,27968E-05
150;United Kingdom;Connel (PLAT-I);0;0,28;Production; ;0;0;72,7126305;0,035524518; ;0,00985818;5,17435E-06
151;United Kingdom;Oran na Mara;0;3;Planned; ;0;0;254,7615163;0,640926753; ;0,0434465;9,19498E-05
152;Germany;N-3.5;0;400;Planned; ;2025;0;33834,94844;28,85313892; ;0,343660603;0,003954558
153;Germany;N-3.6;0;210;Planned; ;2025;0;37107,58109;33,16131926; ;0,276693055;0,004548281
154;Germany;N-3.7;0;225;Planned; ;2025;0;33852,27119;17,32194372; ;0,209527997;0,002375807
155;Germany;N-3.8;0;433;Planned; ;0;0;37025,78393;23,21226685; ;0,436075008;0,003187882
156;Germany;N-6.6;0;630;Planned; ;2025;0;83701,82594;43,66671718; ;0,456639641;0,0060218
157;Germany;N-6.7;0;270;Planned; ;2025;0;94060,48051;15,90600076; ;0,666858875;0,002189302
158;Germany;N-7.2;0;930;Planned; ;2025;0;75915,23303;58,34864114; ;0,914219164;0,008053506
159;Germany;N-9.4;0;1000;Planned; ;0;0;112838,4964;98,83533509; ;0,504253892;0,013719175
160;Germany;Gode Wind 3;11;121;Production; ;2025;2024;32012,98531;17,5392744; ;0,286228051;0,002404465
161;Germany;Borkum Riffgrund 3;0;240;Construction;Grounded;2026;0;53109,21308;75,40831307; ;0,499583664;0,010344831
162;Germany;DanTysk;79;298,62;Production;Grounded;2026;2014;66391,19027;64,55455567; ;0,455414298;0,009089113
163;Germany;Borkum Riffgrund 1;78;312;Production; ;2026;2015;34866,1275;35,6605158; ;0,310732006;0,004881938
164;Germany;Nordergründe;18;110,7;Production;Grounded;2026;2017;8976,952486;3,421935923; ;0,086957907;0,000467014
165;Germany;Trianel Windpark Borkum Phase 1;40;200;Production; ;2025;2015;45030,04344;22,59770122; ;0,325334017;0,003099406
166;Germany;Trianel Windpark Borkum Phase 2;32;203,2;Production; ;2025;2020;46687,58006;30,63620172; ;0,392807105;0,004202351
167;Germany;Meerwind Sued/Ost;80;288;Production; ;2025;2015;23090,0556;39,78335545; ;0,348016329;0,00550192
168;Germany;Alpha Ventus;6;30;Production; ;2025;2009;40516,41895;3,994279138; ;0,097692956;0,000547384
169;Germany;Amrumbank West;80;302,4;Production;Grounded;2026;2015;36102,7263;30,18512183; ;0,339512926;0,004186498
170;Germany;Nordsee Ost;48;295,2;Production;Grounded;2026;2015;28066,85694;35,36134827; ;0,300995704;0,004896882
171;Germany;Butendiek;80;288;Production;Grounded;2026;0;32508,57761;31,4371937; ;0,268245989;0,00441476
172;Germany;Global Tech I;80;400;Production; ;2025;2015;93778,15038;39,91736608; ;0,305038614;0,00553592
173;Germany;EnBW Hohe See;71;497;Production;Grounded;2026;2019;86883,521;40,50052428; ;0,327257971;0,005611061
174;Germany;Sandbank;72;288;Production;Grounded;2026;2017;83256,01321;47,56678906; ;0,524882196;0,006710075
175;Germany;Gode Wind 01;55;344,52;Production; ;2016;0;31682,6764;40,14995025; ;0,344961151;0,0055026
176;Germany;EnBW He Dreiht;64;960;Approved;Grounded;2026;0;82993,64748;62,60281139; ;0,457788451;0,008652492
177;Germany;Riffgat;30;113,4;Production;Grounded;2026;2014;14365,95122;5,990609349; ;0,170935298;0,000814803
178;Germany;Bard Offshore 1;80;400;Production; ;2013;0;89534,44651;56,78532422; ;0,364042142;0,00784609
179;Germany;Deutsche Bucht;31;252;Production;Grounded;2026;2019;89301,28377;17,07432907; ;0,213286756;0,002356188
180;Germany;Merkur Offshore (MEG Offshore I);63;378;Production; ;2025;2019;42610,10458;39,19698187; ;0,342277644;0,005375217
181;Germany;Nordsee One;54;332,1;Production;Grounded;2026;0;32980,21384;28,19928169; ;0,361570185;0,003861602
182;Germany;Borkum Riffgrund 2;20;166,6;Production; ;2026;2018;34553,63631;35,75574025; ;0,494768615;0,004894193
183;Germany;Kaskasi II;38;342;Production;Grounded;2026;2022;33489,05716;17,38992783; ;0,257886591;0,002411219
184;Germany;Gode Wind 02;42;252;Production; ;2016;0;37641,82025;29,15839441; ;0,317340237;0,004001361
185;Germany;Veja Mate;67;402;Production;Grounded;2026;2017;87648,00255;50,64887455; ;0,393481447;0,006992469
186;Germany;Albatros;16;117,6;Production;Grounded;2026;2020;97860,50637;10,53121688; ;0,204627161;0,001460077
187;Spain;Biscay Marine Energy Park (BIMEP);4;20;Production; ;2015;0;1715,653133;5,273609923; ;0,097605445;0,000586571
188;Belgium;Thorntonbank Part 1;6;30,45;Production; ;2025;2013;24793,53692;10,68241237; ;0,174693787;0,001383824
189;Belgium;Thorntonbank Part 2;30;184,5;Production; ;2025;2013;25036,11712;9,169185741; ;0,167815236;0,001188486
190;Belgium;Belwind phase 2 (Nobelwind) (Zone 2);50;165;Production; ;2024;2017;39176,94958;13,82330721; ;0,204921732;0,001795656
191;Belgium;Belwind phase 2 (Nobelwind) (Zone 1);50;165;Production; ;2024;2017;42583,68075;6,325034111; ;0,167287348;0,000821857
192;Germany;Borkum Riffgrund West;83;913;Approved; ;0;0;53252,31713;29,70008595; ;0,29389035;0,004073706
193;Germany;OWP West;41;240;Approved; ;0;0;53770,33771;14,064163; ;0,344820589;0,001930159
194;Germany;Borkum Riffgrund West II;34;240;Approved; ;0;0;58958,36446;12,82540492; ;0,199286623;0,001759369
195;Germany;Borkum Riffgrund West II;9;54;Planned; ;0;0;57778,34816;3,011535895; ;0,154166717;0,000413461
196;United Kingdom;MacColl (Moray Offshore Windfarm East);33;313,5;Production; ;2025;2022;28453,79598;124,7260409; ;0,830966456;0,019017911
197;United Kingdom;SeaGreen Alpha;75;525;Approved; ;0;0;26830,85107;197,3569163; ;0,944442524;0,028902935
198;United Kingdom;SeaGreen Bravo;75;525;Approved; ;0;0;38163,69209;193,8394176; ;1,016814192;0,028290402
199;United Kingdom;Stevenson (Moray Offshore Windfarm East);34;323;Production; ;2025;2022;22309,59509;77,4474449; ;0,482716635;0,011820609
200;United Kingdom;Strangford Lough Minesto;1;1,2;Dismantled; ;0;0;246,580179;0,075008881; ;0,020670223;1,0372E-05
201;United Kingdom;Telford (Moray Offshore Windfarm East);33;313,5;Production; ;2025;2022;22332,96502;93,39924004; ;0,535976935;0,014276044
202;United Kingdom;TwinHub;4;32;Approved; ;2025;0;15166,74675;7,961054477; ;0,128784202;0,001005847
203;United Kingdom;Dounreay Tri Wind Farm;2;10;Approved; ;0;0;9164,884954;6,256196284; ;0,131111342;0,000967769
204;United Kingdom;Hornsea Met Mast;1;0;Production; ;0;0;115663,8593;0,031374929; ;0,00772405;4,28695E-06
205;United Kingdom;Hornsea Project 1 (Heron East) Wind Farm;58;406;Production; ;2025;2019;111374,2468;130,699713; ;0,656606183;0,017848494
206;United Kingdom;Hornsea Project 1 (Heron West) Wind Farm;58;406;Production; ;2020;0;102222,267;118,5422559; ;0,598809333;0,016201032
207;United Kingdom;Hornsea Project 1 (Njord) Wind Farm;87;609;Production; ;2025;2019;105672,6212;158,335567; ;0,754178827;0,021635833
208;United Kingdom;Norfolk Vanguard Wind Farm;225;2100;Approved; ;2025;0;47493,02202;592,5331966; ;1,700462104;0,079048799
209;United Kingdom;East Anglia North Tranche 2 (Norfolk Boreas);90;2100;Approved; ;0;0;73178,95654;725,3751259; ;1,278801575;0,09717146
210;United Kingdom;East Anglia North Tranche One East  (Norfolk Vanguard East);90;1800;Planned; ;0;0;69902,5636;297,3740964; ;0,876324927;0,03963534
211;United Kingdom;East Anglia North Tranche One West (Norfolk Vanguard West);90;1800;Planned; ;0;0;47493,02143;295,1590987; ;0,824137175;0,039413459
212;France;Parc eolien pose au large de la Normadie (AO4);0;1000;Planned; ;2020;0;32637,2251;496,526101; ;1,445377382;0,062069555
213;Netherlands;Borssele;0;1502,5;Planned; ;2025;0;24230,41162;344,9451564; ;0,926652563;0,044840233
214;Netherlands;Hollandse Kust (Zuid);140;1540;Construction; ;2025;0;18567,76981;352,3661213; ;0,935381375;0,046440883
215;Netherlands;Ten Noorden van de Wadden;0;700;Planned; ;0;0;56043,86009;217,6788742; ;1,786751921;0,029756638
216;Netherlands;Borssele Kavel II;47;376;Production; ;2025;2020;24230,41162;63,52779273; ;0,355817183;0,008247041
217;Netherlands;Borssele Kavel III;37;351,5;Production; ;2025;2020;29530,46426;71,46401441; ;0,437242738;0,009287471
218;Netherlands;Borssele Kavel IV;40;380;Production; ;2025;2020;40217,61262;74,6983801; ;0,554258459;0,009711931
219;Netherlands;WP Q10 / Eneco Luchterduinen;43;129;Production; ;2025;2015;22340,70219;15,90387943; ;0,210316646;0,002099943
220;Netherlands;ZeeEnergie / Gemini II;75;300;Production; ;2024;2016;57835,07239;33,36212096; ;0,30925421;0,004574523
221;Netherlands;Buitengaats / Gemini I;75;300;Production; ;2024;2016;56043,86009;34,2633775; ;0,292840403;0,004698449
222;Netherlands;Borssele I;47;376;Production; ;2025;2020;27336,44703;64,8612001; ;0,405172288;0,008439471
223;United Kingdom;Hywind Scotland Pilot Park;5;30;Production; ;2025;2017;22488,98939;15,40148686; ;0,208214362;0,002305877
224;United Kingdom;Ossian Offshore Wind Farm;0;3600;Planned;Floating;2026;0;79494,06907;858,4571909; ;2,022451171;0,125805704
225;United Kingdom;Bellrock;0;1200;Approved;Floating;2026;2022;115492,8703;279,8031744; ;1,170430248;0,041105488
226;United Kingdom;Bowdun Offshore Wind Farm;0;1008;Approved;Grounded;2026;0;38410,92015;187,0845829; ;0,89178748;0,027625745
227;United Kingdom;Ayre Offshore Wind Farm;0;1008;Planned;Floating;2026;2022;17230,85017;199,7368767; ;1,38314575;0,031073324
228;United Kingdom;Stromar;0;1000;Approved;Floating;2026;2022;36900,43809;256,3016266; ;0,861862764;0,039473526
229;United Kingdom;Caledonia Offshore Wind Farm;0;1000;Planned;Grounded;2026;2022;23311,17429;428,951268; ;1,201315177;0,06548829
230;United Kingdom;Broadshore;0;500;Approved;Floating;2026;0;47477,53653;134,0560638; ;0,618858372;0,020447472
231;United Kingdom;Buchan Offshore Wind Farm;0;960;Planned;Floating;2026;2022;74920,31679;330,6956383; ;0,958332321;0,050810197
232;United Kingdom;West of Orkney Wind Farm;0;2000;Approved;Grounded;2026;2022;4746,595093;656,5789506; ;1,570481373;0,102300202
233;United Kingdom;Havbredey;0;1500;Planned;Floating;2026;0;26071,1652;389,6074534; ;1,407979382;0,060663484
234;United Kingdom;Spiorad na Mara;0;840;Approved;Grounded;2026;0;3564,138458;161,4163955; ;0,832381651;0,024771895
235;United Kingdom;MachairWind;0;2000;Approved;Grounded;2026;2022;0;753,7458054; ;1,331892967;0,108540491
236;United Kingdom;NE6;0;0;Planned; ;2020;0;33343,91374;698,6331973; ;1,425758511;0,106249237
237;United Kingdom;NE4;0;0;Planned; ;2021;0;22289,75252;441,6787645; ;1,232912822;0,067437763
238;United Kingdom;NE3;0;0;Planned; ;2020;0;36890,74902;264,507022; ;0,817893004;0,04074235
239;United Kingdom;NE2;0;0;Planned; ;2020;0;11200,92412;345,2042839; ;1,373264111;0,053698762
240;United Kingdom;N2;0;0;Planned; ;2020;0;25449,63934;561,369003; ;1,711145151;0,087301678
241;United Kingdom;Dogger Bank East Met Mast;1;0;Dismantled; ;0;0;210099,2264;0,195958914; ;0,019698754;2,75744E-05
242;United Kingdom;Dogger Bank West Met Mast;1;0;Dismantled; ;0;0;148406,4501;0,196102658; ;0,019627022;2,74367E-05
243;United Kingdom;East Anglia Southern Met Mast (1B);1;0;Production; ;0;0;56406,61939;0,195833173; ;0,018802699;2,57494E-05
244;Netherlands;Hollandse Kust (Noord);69;759;Production; ;2025;2023;18656,29801;290,261775; ;0,81253133;0,038559063
245;United Kingdom;N4;0;0;Planned; ;2020;0;2316,105257;200,1566567; ;0,882955285;0,030735176
246;United Kingdom;N3;0;0;Planned; ;2020;0;9457,333545;1106,354044; ;1,591722267;0,172263657
247;United Kingdom;N1;0;0;Planned; ;2020;0;3171,94357;1162,4273; ;1,817623334;0,181168869
248;United Kingdom;E3;0;0;Planned; ;2020;0;18800,84994;474,3421025; ;1,288568613;0,070086317
249;United Kingdom;E2;0;0;Planned; ;2020;0;59706,16582;1291,429348; ;2,84204521;0,192594162
250;United Kingdom;E1;0;0;Planned; ;2020;0;56455,63533;3743,866036; ;3,671120674;0,549038426
251;United Kingdom;Hornsea Project 2 (HOW02) Wind Farm;165;1386;Production; ;2025;2022;89487,56761;462,1743944; ;1,7491203;0,063192257
252;United Kingdom;Robin Rigg East;28;84;Production;Grounded;2026;2010;8599,403372;9,858860918; ;0,17443831;0,001375732
253;United Kingdom;Robin Rigg West;30;90;Production;Grounded;2026;2010;8598,744072;8,475553408; ;0,158276675;0,001182332
254;United Kingdom;Inch Cape Offshore Wind Farm;110;784;Approved;Grounded;2026;0;15147,34923;149,3278773; ;0,739036165;0,021772633
255;United Kingdom;Moray East Met Mast;0;0;Production; ;0;0;26595,3636;0,031396395; ;0,008356256;4,7913E-06
256;United Kingdom;Fife Energy Park Methil Offshore Wind Farm Demo Site - Levenmouth demonstration;1;7;Production;Grounded;2026;2014;43,24441345;0,023763185; ;0,00835391;3,436E-06
257;United Kingdom;Inch Cape Met Mast;1;0;Approved; ;0;0;22570,41121;0,7004693; ;0,038869255;0,000101988
258;United Kingdom;Forthwind Offshore Wind Demonstration Project - 1 2-B Energy Test Site;2;12;Approved;Grounded;2026;0;1135,506438;0,377376753; ;0,052654484;5,45488E-05
259;United Kingdom;Beatrice Offshore Wind Farm;84;588;Production;Grounded;2026;2019;13391,57938;131,467189; ;0,654697579;0,020103013
260;United Kingdom;Beatrice OFTO;0;0;Production; ;0;0;17623,17522;0,062792151; ;0,016736647;9,60163E-06
261;United Kingdom;Aberdeen Offshore Wind Farm (EOWDC);11;96,8;Production; ;2025;2018;1340,288887;20,01430062; ;0,249356786;0,002975306
262;United Kingdom;Pentland Floating Offshore WF;0;100;Planned;Floating;2026;0;7664,58739;10,00746352; ;0,158027054;0,001547737
263;United Kingdom;Robin Rigg OFTO;0;0;Production; ;0;0;11704,87129;0,085867275; ;0,018747711;1,19776E-05
264;United Kingdom;Inch Cape OFTO;0;0;Approved; ;0;0;25,23290947;105,2205699; ;2,972066754;0,015254147
265;United Kingdom;Kincardine;6;50;Production;Floating;2026;2021;14143,52439;25,37893888; ;0,260269871;0,003750704
266;United Kingdom;Moray East OFTO;0;0;Construction; ;0;0;88,12962566;20,51149722; ;1,633205752;0,003107417
267;United Kingdom;Marr Bank Wind Farm;0;1800;Planned; ;0;0;30902,3576;786,3375507; ;1,524123294;0,114222102
268;United Kingdom;Neart na Gaoithe Offshore WF;54;432;Construction;Grounded;2026;0;15363,83114;102,6280645; ;0,718182021;0,014872928
269;United Kingdom;Neart na Gaoithe OFTO;0;0;Construction; ;0;0;20179,41715;0,035306393; ;0,0120763;5,11634E-06
270;United Kingdom;Seagreen Phase 1 OFTO;0;0;Construction; ;0;0;41169,57232;0,785331701; ;0,040511559;0,000114776
271;United Kingdom;Seagreen Phase 1A OFTO AfL;0;500;Approved; ;0;0;33,47316654;120,4709403; ;3,452365166;0,017533142
272;United Kingdom;Seagreen Phase 1 Windfarm;75;1140;Production;Grounded;2026;2023;26763,01902;331,6690927; ;1,692394672;0,048509635
273;United Kingdom;Seagreen 1A Offshore Wind Farm;114;500;Approved;Grounded;2026;0;32431,59226;58,64461956; ;0,463971567;0,008565016
274;United Kingdom;Berwick Bank OFTO;0;0;Planned; ;0;0;0;806,907052; ;3,530368566;0,11688525
275;United Kingdom;MarramWind;0;300;Planned;Floating;2026;0;75714,70441;683,9885102; ;1,375839975;0,104323326
276;United Kingdom;CampionWind;0;2000;Planned;Floating;2026;0;93215,22944;859,872942; ;1,774414209;0,128105494
277;United Kingdom;Muir Mhor;0;798;Planned;Floating;2026;0;62863,16277;199,8755539; ;0,750676691;0,029861689
278;United Kingdom;Stoura Offshore Wind Farm;0;500;Planned;Floating;2026;0;32313,22679;99,99763731; ;0,542831128;0,016320265
279;United Kingdom;Arven South;0;500;Planned;Floating;2026;0;22486,0884;100,2573503; ;0,593952316;0,016217702
280;United Kingdom;Arven Offshore Wind Farm;0;1800;Planned;Floating;2026;0;24101,6612;359,8859271; ;1,076449235;0,058397889
281;United Kingdom;Moray West OFTO;0;0;Approved; ;0;0;25994,09709;0,003909627; ;0,004166041;5,95044E-07
282;United Kingdom;Moray West;60;882;Construction;Grounded;2026;0;22186,64743;225,1620541; ;0,939658669;0,034283697
283;United Kingdom;Walney 2;51;184;Production;Grounded;2026;2012;17774,48916;45,88103461; ;0,333628731;0,00629669
284;United Kingdom;Walney 1;51;184;Production;Grounded;2026;0;14160,94713;27,16035734; ;0,278587565;0,00372376
285;United Kingdom;West of Duddon Sands;108;388,8;Production;Grounded;2026;2014;13988,57405;66,88171396; ;0,411103248;0,00915896
286;United Kingdom;Barrow;30;90;Production;Grounded;2026;2006;7261,238716;9,990274057; ;0,16341456;0,001368458
287;United Kingdom;Ormonde;30;150;Production;Grounded;2026;2012;9148,983197;9,931850268; ;0,164164509;0,001363583
288;United Kingdom;Rhyl Flats;25;90;Production;Grounded;2026;2009;7767,8335;9,734691944; ;0,194365752;0,001314623
289;United Kingdom;Gwynt y Mor;160;576;Production;Grounded;2026;2015;12389,26977;68,03172392; ;0,587518351;0,009202059
290;United Kingdom;Burbo Bank Extension;32;256;Production;Grounded;2026;2017;6874,85929;39,66650429; ;0,425338466;0,00536771
291;United Kingdom;Burbo Bank;25;90;Production;Grounded;2026;2007;6074,823081;9,946996495; ;0,171776338;0,001346419
292;United Kingdom;Gunfleet Sands I;30;108;Production;Grounded;2026;2009;6296,740808;9,995124907; ;0,174832641;0,001300264
293;United Kingdom;Gunfleet Sands II;18;65;Production;Grounded;2026;2009;8298,475544;5,813121413; ;0,210601632;0,000756782
294;United Kingdom;Gunfleet Sands Demo;2;12;Production;Grounded;2026;2013;8297,731671;2,548661352; ;0,079412643;0,000331362
295;United Kingdom;Kentish Flats;30;90;Production;Grounded;2026;2005;8371,66997;9,952279555; ;0,175896575;0,001287081
296;United Kingdom;Kentish Flats Extension;15;49,5;Production;Grounded;2026;2015;7542,703377;8,281010134; ;0,239856348;0,001070978
297;United Kingdom;London Array;175;630;Production;Grounded;2026;2013;20451,27691;122,4787615; ;0,49351946;0,015896431
298;United Kingdom;Thanet;100;300;Production;Grounded;2026;2010;10851,36499;34,96376468; ;0,288737163;0,004518953
299;United Kingdom;Greater Gabbard;140;504;Production;Grounded;2026;2012;24843,21183;146,2310086; ;0,74394445;0,019088603
300;United Kingdom;Scroby Sands;30;60;Production;Grounded;2026;2004;1857,623781;8,906036779; ;0,137572354;0,001182395
301;United Kingdom;Sheringham Shoal;88;316,8;Production;Grounded;2026;2012;16753,78977;34,98514086; ;0,342227056;0,004697131
302;United Kingdom;Lincs;75;270;Production;Grounded;2026;2013;6335,021118;38,31066121; ;0,383804855;0,005150155
303;United Kingdom;Dudgeon;67;402;Production;Grounded;2026;2017;32058,46828;55,16120805; ;0,383729582;0,007428612
304;United Kingdom;Race Bank;91;573,3;Production;Grounded;2026;2018;26592,70638;62,38046637; ;0,456460358;0,008402339
305;United Kingdom;Humber Gateway;73;219;Production;Grounded;2026;2015;8025,892311;26,53403157; ;0,260721432;0,003605233
306;United Kingdom;Westermost Rough;35;210;Production;Grounded;2026;2015;8021,924591;34,92538989; ;0,293937907;0,004763037
307;United Kingdom;Lynn;27;97,2;Production;Grounded;2026;2008;5305,396765;7,883168721; ;0,145618468;0,001058427
308;United Kingdom;Inner Dowsing;27;97,2;Production;Grounded;2026;2008;5056,702987;8,807301247; ;0,149660156;0,001183949
309;United Kingdom;Teesside;27;62,1;Production;Grounded;2026;2013;979,6890302;4,322632312; ;0,130484015;0,000601502
310;United Kingdom;Blyth;2;4;Dismantled;Grounded;2026;2000;489,9037504;0,40240507; ;0,030845415;5,66761E-05
311;United Kingdom;Galloper;56;353;Production;Grounded;2026;2018;28256,01724;113,6536382; ;0,819425495;0,014838051
312;United Kingdom;Hornsea Project Four (HOW04);180;2400;Planned; ;2026;0;65413,65766;846,4307583; ;1,93513844;0,115965321
313;United Kingdom;Hornsea Project Three (HOW03);231;2955;Approved;Grounded;2026;0;121136,5221;696,3702283; ;1,501503311;0,095174233
314;United Kingdom;East Anglia Two;75;900;Approved; ;2025;0;29719,37411;255,5553974; ;0,815928384;0,033512724
315;United Kingdom;East Anglia One North;67;800;Approved; ;2025;0;36100,72387;208,1139757; ;0,736200539;0,027462877
316;United Kingdom;East Anglia Three;95;1330;Construction; ;2025;0;67758,58886;305,4738799; ;0,911320954;0,040629356
317;United Kingdom;Rampion;116;400,2;Production;Grounded;2026;2018;13311,17331;77,86709126; ;0,453074759;0,009899933
318;United Kingdom;Walney Extension 3;40;330;Production;Grounded;2026;0;26722,35186;49,18058878; ;0,397277256;0,00675845
319;United Kingdom;Walney Extension 4;47;329;Production;Grounded;2026;2018;19810,47205;100,0655822; ;0,683834693;0,013748616
320;United Kingdom;Blyth Demonstration Phases 2&3;10;58,4;Approved; ;2025;0;5415,667203;15,16589693; ;0,313631441;0,002138584
321;United Kingdom;Dogger Bank C;100;1200;Construction;Grounded;2026;0;195786,1194;560,5565085; ;1,313385854;0,078707875
322;United Kingdom;Sofia;100;1400;Construction;Grounded;2026;0;164933,3442;593,6505072; ;1,248527404;0,083326236
323;United Kingdom;Dogger Bank A;100;1200;Construction;Grounded;2026;0;130997,9011;515,5550632; ;1,340457515;0,071921815
324;United Kingdom;Dogger Bank B;100;1200;Construction;Grounded;2026;0;130974,643;599,2832111; ;1,189022457;0,084106075
325;United Kingdom;Hornsea 1 (East);58;406;Production;Grounded;2026;0;111016,4645;129,3111381; ;0,70863543;0,017659316
326;United Kingdom;Hornsea 1 (West);58;406;Production;Grounded;2026;0;102222,2661;119,0923233; ;0,642439526;0,016274607
327;United Kingdom;Hornsea 1 (Centre);58;406;Production;Grounded;2026;0;105688,2867;158,7973114; ;0,785709635;0,021699314
328;United Kingdom;East Anglia One;102;714;Production; ;2025;2020;50593,60322;150,1313726; ;0,565147245;0,019750481
329;United Kingdom;Triton Knoll;90;857;Production;Grounded;2026;2021;32338,25709;149,5083499; ;0,700165029;0,020228998
330;United Kingdom;Blyth Demo Phase 1;5;41,5;Production;Grounded;2026;2017;5280,018891;3,636674853; ;0,113676661;0,000512137
331;United Kingdom;Hornsea Project 2 - Phase 2 (Soundmark);165;1386;Production;Grounded;2026;0;91854,07281;133,2734081; ;0,601541005;0,01823978
332;United Kingdom;Hornsea Project 2 - Phase 3 (Sonningmay);165;1386;Production;Grounded;2026;0;89487,56675;138,3769064; ;0,628229809;0,018910336
333;United Kingdom;North Hoyle;30;60;Production;Grounded;2026;2003;7241,337323;9,642919961; ;0,163782508;0,001303149
334;United Kingdom;Dudgeon Extension;34;402;Planned;Grounded;2026;0;26912,03922;103,5374283; ;0,978659375;0,013945519
335;United Kingdom;Awel y Mor;42;576;Planned;Grounded;2026;0;10632,73932;106,4594546; ;0,824398886;0,014369285
336;United Kingdom;Erebus Floating Wind Demo;7;100;Planned;Floating;2026;0;30230,62355;43,5653551; ;0,302815098;0,00563346
337;United Kingdom;Five Estuaries;79;353;Planned;Grounded;2026;0;37460,63128;148,6513726; ;0,989240802;0,019415029
338;United Kingdom;Sheringham Shoal Extension;27;317;Planned;Grounded;2026;0;15937,1449;92,64903321; ;0,620582961;0,012432031
339;United Kingdom;North Falls;72;504;Planned;Grounded;2026;0;22379,5174;150,059611; ;1,20343399;0,019531609
340;United Kingdom;Rampion 2 (Rampion Extension);90;400;Planned;Grounded;2026;0;13295,65265;149,3510881; ;0,729349959;0,018978399
341;United Kingdom;Rampion 2 (Zone 6);0;0;Planned;Grounded;2026;0;13443,56382;164,6339309; ;0,767133163;0,020926289
342;United Kingdom;R4 Project 1 (Dogger Bank South West);0;1500;Planned;Grounded;2026;0;99535,12028;495,1684287; ;1,223747608;0,068882815
343;United Kingdom;R4 Project 2 (Dogger Bank South East);0;1500;Planned;Grounded;2026;0;122243,6059;493,9084118; ;1,160717174;0,068483778
344;United Kingdom;R4 Project 3 (Outer Dowsing);0;1500;Planned;Floating;2026;0;53289,45358;499,8601049; ;1,239830554;0,067789388
345;United Kingdom;R4 Project 4 (Mona);0;1500;Planned;Grounded;2026;0;28332,5384;497,8297713; ;1,249795969;0,06775474
346;United Kingdom;R4 Project 5 (Morecambe);0;480;Planned;Grounded;2026;0;28661,29921;125,7341306; ;0,602218831;0,017146066
347;United Kingdom;R4 Project 6 (Morgan);0;1500;Planned;Grounded;2026;0;22273,88331;322,431306; ;0,982458981;0,044176722
348;United Kingdom;Norfolk Vanguard East;145;1800;Approved;Grounded;2026;0;69902,56358;578,198113; ;1,6077079;0,077172177
349;United Kingdom;Norfolk Boreas;158;2100;Approved;Grounded;2026;0;73178,96864;452,0318977; ;1,218368258;0,060645455
350;United Kingdom;Hornsea Project 2 - Phase 1 (Breesea);300;1386;Production;Grounded;2026;0;104314,0606;162,8209128; ;1,167302053;0,022287866
351;Finland; ;0;0;Planned; ;0;0;71326,98434;528,2211434; ;1,140665397;0,089260736
352;Finland; ;0;0;Planned; ;0;0;6332,813153;381,5630933; ;1,248418739;0,073520545
353;Finland; ;0;0;Planned; ;0;0;17381,28448;122,4073976; ;0,672907005;0,019446755
354;Finland; ;0;0;Planned; ;0;0;41757,94182;114,7653107; ;0,548269784;0,01809706
355;Finland; ;0;0;Planned; ;0;0;5823,6378;59,7627315; ;0,567615391;0,011180349
356;Finland; ;0;0;Planned; ;0;0;14713,49352;89,30908592; ;0,792656159;0,016693194
357;Finland; ;0;0;Planned; ;0;0;5863,261538;65,78531311; ;0,429229161;0,011294474
358;Finland; ;0;0;Planned; ;0;0;9742,209227;113,8634685; ;0,559415524;0,021565205
359;Finland; ;0;0;Planned; ;0;0;16561,92617;109,266767; ;0,738077322;0,020692112
360;Finland; ;0;0;Planned; ;0;0;27667,04512;203,6183132; ;0,86858441;0,038647829
361;Finland; ;0;0;Planned; ;0;0;20982,20509;145,2527012; ;0,623663935;0,024730394
362;Finland; ;0;0;Planned; ;0;0;7477,242066;98,13125046; ;0,526424911;0,016636895
363;Finland; ;0;0;Planned; ;0;0;13737,1137;85,43797289; ;0,485908075;0,01426861
364;Finland; ;0;0;Planned; ;0;0;12662,97858;259,7238505; ;1,656594177;0,047118352
365;Finland; ;0;0;Planned; ;0;0;3738,986125;685,3176116; ;1,730145323;0,120007911
366;Denmark; ;0;0;Planned; ;0;0;5000,55137;10079,2766; ;14,92630586;1,458696544
367;Poland;PZP_14;0;0;Planned; ;0;0;26188,49373;459,8387226; ;1,078344213;0,063741833
368;Poland;PZP_43 (Baltex 2);0;560;Planned; ;2025;0;38531,50994;118,3828206; ;0,579302982;0,016593536
369;Poland;PZP_44;0;0;Planned; ;0;0;27742,7124;162,6616386; ;0,834489381;0,02286675
370;Poland;PZP_45;0;0;Planned; ;0;0;22219,33224;698,922781; ;2,208328477;0,098233622
371;Poland;PZP_46;0;0;Planned; ;0;0;22358,43708;249,7183915; ;1,124284668;0,03510652
372;Poland;PZP_53;0;0;Planned; ;0;0;5383,810329;150,2148974; ;0,85509869;0,021309733
373;Poland;PZP_60;0;900;Planned; ;2025;0;43485,45965;470,8474273; ;1,977716466;0,067059163
374;Germany;EN16;0;0;Planned; ;0;0;145718,3274;294,1253757; ;1,353289318;0,041840463
375;Germany;EN17;0;0;Planned; ;0;0;176172,0098;345,9775546; ;1,896827992;0,048890066
376;Germany;EN20;0;0;Planned; ;0;0;197543,0461;67,3954127; ;0,422165065;0,00951929
377;Germany;EN10;0;0;Planned; ;0;0;109487,3586;194,7805689; ;0,932701877;0,027044192
378;Germany;EN4;0;0;Planned; ;0;0;23501,83221;148,0239393; ;0,63496237;0,020502001
379;Germany;EN5;0;0;Planned; ;0;0;66371,4509;124,4853333; ;0,911847902;0,017541822
380;Germany;EN11;0;0;Planned; ;0;0;106404,0446;354,8655204; ;0,915740646;0,049540539
381;Germany;EN12;0;0;Planned; ;0;0;116675,362;493,8070148; ;1,203367243;0,068950248
382;Germany;EN18;0;0;Planned; ;0;0;182450,9827;193,7713473; ;1,361894895;0,027363007
383;Germany;EO1;0;0;Planned; ;0;0;33486,99831;129,0261336; ;0,589070187;0,018032769
384;Germany;EN14;0;0;Planned; ;0;0;136331,9333;145,0019052; ;0,72565692;0,020290407
385;Germany;EN15;0;0;Planned; ;0;0;164082,1762;137,6148398; ;0,95709407;0,019280193
386;Germany;EN13-Nord;0;0;Planned; ;0;0;101017,3334;30,86843509; ;0,338474297;0,004360431
387;Germany;EO2;0;1000;Planned; ;2025;0;26311,57666;122,4041061; ;0,638874389;0,017114303
388;Germany;EN13;0;0;Planned; ;0;0;107776,7484;367,5358173; ;0,903413503;0,051694541
389;Germany;EN7;0;0;Planned; ;0;0;75915,23283;162,8734506; ;0,700899367;0,022496733
390;Germany;EN19;0;0;Planned; ;0;0;260465,4326;559,479437; ;1,3647459;0,080017784
391;Germany;EO2-West;0;1000;Planned; ;2025;0;22586,21724;54,68462786; ;0,572532052;0,007645608
392;Germany;EN2;0;0;Planned; ;0;0;34234,96815;222,6191141; ;0,668040808;0,030505772
393;Germany;EN8;0;0;Planned; ;0;0;85566,81503;168,16378; ;0,661037958;0,023321227
394;Germany;EN6;0;0;Planned; ;0;0;83701,82565;249,0120304; ;0,837359837;0,034351484
395;Germany;EN9;0;0;Planned; ;0;0;98842,03981;453,2507781; ;1,160841271;0,062842022
396;Germany;EN3;0;0;Planned; ;0;0;32050,95738;307,6524991; ;0,979343366;0,042172904
397;Netherlands;Windenergiegebied Borssele noordzijde;0;0;Planned; ;0;0;26591,55347;114,2915672; ;0,630177259;0,014872481
398;Netherlands;Windenergiegebied Borssele zuidzijde;0;0;Planned; ;0;0;23718,55279;247,7724152; ;0,890096798;0,032248299
399;Netherlands;HKW Noord - HKW-N;0;0;Planned; ;0;0;51547,79345;206,7968402; ;0,818569934;0,027449219
400;Netherlands;IJmuiden Ver 2021 - Y-VER;0;0;Planned; ;0;0;62023,33718;460,7720274; ;1,063332645;0,061440226
401;Netherlands;Hollandse Kust west zuidelijk deel (HK-w-z);0;0;Planned; ;0;0;54119,38552;132,1367655; ;0,632389786;0,01750728
402;Netherlands;Gebied 2 Zuid (2-z);0;0;Planned; ;0;0;40718,96994;87,21617902; ;0,555383861;0,01168331
403;Netherlands;Gebied 2 Noord (2-n);0;0;Planned; ;0;0;32505,44247;757,893568; ;1,649666426;0,102159542
404;Netherlands;Gebied 1 Zuid (1-z);0;0;Planned; ;0;0;92597,17409;273,397741; ;0,887214656;0,036707229
405;Netherlands;IJmuiden Ver Noord (IJ-Ver-n);0;0;Planned; ;0;0;49466,8982;242,2849445; ;0,927479413;0,032484333
406;Netherlands;Gebied 5 Oost (5-o);0;0;Planned; ;0;0;82889,24386;385,4848179; ;1,251833185;0,053196744
407;Netherlands;Gebied 1 Noord (1-n);0;0;Planned; ;0;0;91935,6667;674,1543967; ;1,232054042;0,09112453
408;Spain;ZAPER_CAN_LANZ1;0;0;Planned; ;0;0;1710,431387;97,41250804; ;0,715223422;0,009023846
409;Spain;ZAPER_CAN_FV2;0;0;Planned; ;0;0;5280,591796;16,26485484; ;0,165071299;0,001498654
410;Spain;ZAPER_CAN_FV1;0;0;Planned; ;0;0;5168,663452;192,3398117; ;0,863978305;0,0176757
411;Spain;ZAPER_CAN_TEN2;0;0;Planned; ;0;0;823,9847962;70,80751856; ;0,57622802;0,006507829
412;Spain;ZAPER_CAN_TEN1;0;0;Planned; ;0;0;959,4347307;21,32962387; ;0,243831187;0,001956875
413;Spain;ZAPER_LEBA_1;0;0;Planned; ;0;0;10965,74852;250,1858066; ;0,706701008;0,027254319
414;Spain;ZAPER_LEBA_2;0;0;Planned; ;0;0;4756,470316;147,4277748; ;0,613780066;0,015563866
415;Spain;ZAPER_LEBA_3;0;0;Planned; ;0;0;10762,268;77,68908895; ;0,379515038;0,008179939
416;Spain;ZAPER_NOR_2;0;0;Planned; ;0;0;28752,00064;1807,819544; ;2,005397012;0,2025728
417;Spain;ZAPER_NOR_3;0;0;Planned; ;0;0;22455,25545;113,0449916; ;0,481563605;0,012685534
418;Spain;ZAPER_NOR_5;0;0;Planned; ;0;0;20428,82931;236,3779918; ;0,693345667;0,026503223
419;Spain;ZAPER_NOR_6;0;0;Planned; ;0;0;29573,72243;104,9929694; ;0,439978255;0,011761409
420;Spain;ZAPER_NOR_7;0;0;Planned; ;0;0;28895,30818;80,17800248; ;0,379913201;0,008978444
421;Spain;ZAPER_NOR_8;0;0;Planned; ;0;0;13858,34471;152,402306; ;0,569251697;0,017048102
422;Spain;ZAPER_NOR_1;0;0;Planned; ;0;0;22340,54269;117,725027; ;0,516221711;0,012766533
423;Spain;ZAPER_ESAL_2;0;0;Planned; ;0;0;7113,474111;688,9173877; ;1,310633183;0,069350279
424;Spain;ZAPER_ESAL_1;0;0;Planned; ;0;0;13606,06497;534,3566661; ;1,143947799;0,053621096
425;Spain;ZAPER_NOR_4;0;0;Planned; ;0;0;22099,6937;77,75321704; ;0,597660378;0,008724803
426;Spain;ZAPER_CAN_GC1;0;0;Planned; ;0;0;6352,036015;164,0144288; ;0,606343123;0,015024522
427;Estonia;Saare Liivi 3;0;1200;Planned; ;2025;0;10936,26402;475,4376375; ;1,726148041;0,071913558
428;Estonia; ;0;0;Planned; ;0;0;9903,634178;1217,896092; ;2,350754074;0,185726932
429;Estonia;Aker Offshore;0;1000;Planned; ;2025;0;53078,63206;87,96421675; ;0,474493739;0,013417006
430;Portugal;WindFloat Atlantic;3;25;Production; ;2020;0;13145,9221;52,0286474; ;0,358788668;0,00563626
431;France; ;0;0;Planned; ;0;0;33524,44419;267,4935012; ;0,75909936;0,029560562
432;France;Sud de la Bretagne Extension;0;0;Planned; ;0;0;18203,39161;224,9404368; ;0,680990435;0,026765687
433;France;Sud de la Bretagne Extension;0;0;Planned; ;0;0;15251,97033;8,067477242; ;0,13798113;0,000959845
434;Germany;Windanker;0;300;Planned; ;2025;0;38882,86054;23,30940983; ;0,244102706;0,003263637
435;Germany;EnBW Baltic I;0;0;Approved; ;0;0;17331,2766;0,230906444; ;0,055664486;3,21374E-05
436;Germany;Gennaker;103;865,2;Approved; ;2025;0;9761,93638;45,75161905; ;1,019250974;0,00636176
437;Germany;EnBW Windpark Baltic 2;80;288;Production; ;2025;2015;33139,05941;30,21202273; ;0,337315537;0,004237976
438;Germany;Arkona-Becken Südost;60;384;Production; ;2025;2018;33759,37542;37,24763195; ;0,301274709;0,005200504
439;Germany;EnBW Windpark Baltic 1;21;48,3;Production; ;2011;0;12085,80144;6,406523725; ;0,170782215;0,000891015
440;Germany;Wikinger;70;366,1;Production; ;2025;2017;34716,02416;32,24609251; ;0,257186726;0,004508071
441;Germany;ARCADIS Ost 1;27;257,175;Production; ;2025;2023;18655,17525;24,68486331; ;0,370243955;0,003450271
442;Germany;Baltic Eagle;83;476;Construction; ;2025;0;27642,95878;42,96430059; ;0,3318395;0,006005267
443;Netherlands;OWF Egmond aan Zee;36;108;Production; ;2025;2006;10019,42105;26,12691318; ;0,27238525;0,00346571
444;Netherlands;OWF Prinses Amalia;60;120;Production; ;2025;2008;23076,96162;21,66926285; ;0,213300159;0,002873192
445;Netherlands;HKW Kavel VI;0;756;Construction; ;2025;2022;51581,17433;90,49803087; ;0,476876273;0,012035305
446;Netherlands;HKW Kavel VII;0;760;Approved; ;2025;2022;53582,95876;97,46119474; ;0,528449448;0,012933834
447;United Kingdom; ;0;99;Planned; ;0;0;61385,09681;25,2602034; ;0,296027007;0,003864031
448;United Kingdom;Green Volt;0;480;Planned;Floating;2026;0;68125,10129;184,6407571; ;0,804370405;0,027948361
449;United Kingdom;Aspen;0;1008;Planned;Floating;2026;0;84141,25687;332,454884; ;0,95578771;0,050136189
450;United Kingdom; ;0;15;Planned; ;0;0;183102,1651;8,046115582; ;0,132911598;0,00121752
451;United Kingdom;Beech;0;1008;Planned;Floating;2026;0;201548,8728;332,6131684; ;0,893349388;0,050354858
452;United Kingdom;Cedar;0;1008;Planned;Floating;2026;0;145976,2126;332,9532454; ;1,040523824;0,049160624
453;United Kingdom;Cenos;0;1350;Planned;Floating;2026;0;187805,5648;332,90203; ;1,068757255;0,049350779
454;United Kingdom;Culzean;1;3;Approved;Floating;2026;0;221021,383;2,001045143; ;0,065399292;0,0002972
455;United Kingdom;Judy;0;15;Planned;Floating;2026;0;259624,2524;8,045883272; ;0,1298075;0,001178104
456;United Kingdom;Talisk Offshore Wind Project;0;495;Planned;Floating;2026;0;25206,43218;103,0936001; ;0,554988174;0,016007226
457;United Kingdom;Scaraben;0;100;Planned;Floating;2026;0;58204,09534;33,08271579; ;0,30386792;0,005053365
458;United Kingdom;Flora;0;50;Planned;Floating;2026;0;32294,32061;16,66076419; ;0,245127323;0,002495326
459;United Kingdom;Malin;0;100;Planned;Floating;2026;0;22450,5956;31,38509911; ;0,34034521;0,004453137
460;United Kingdom;Salamander;0;200;Approved;Floating;2026;0;33007,26326;33,24335999; ;0,32242905;0,004995469
461;Lithuania;Lithuania's first offshore wind farm in the Baltic Sea (Lithuanian Tender 1 & 2);0;700;Planned; ;2025;2028;26335,37586;643,7682875; ;1,227106945;0,092421432
462;Lithuania;Plotas C;0;0;Planned; ;2024;2028;31290,15529;131,0891478; ;0,750790577;0,018770756
463;Lithuania;Plotas B;0;0;Planned; ;2024;2028;32309,46029;124,3281176; ;0,737587154;0,017859222
464;Lithuania;I etapu vystomas plotas;0;0;Planned; ;2024;2028;29481,35389;136,2802681; ;0,681820918;0,019579533
465;Lithuania;Plotas A;0;0;Planned; ;2024;2028;36462,91472;120,7962764; ;0,690433832;0,017399645
466;Lithuania;Plotas B2;0;0;Planned; ;2024;2028;30009,01711;21,96072068; ;0,716323617;0,003147143
467;Lithuania;Plotas C2;0;0;Planned; ;2024;2028;30473,83781;30,12653007; ;0,703764166;0,004310974
468;United Kingdom;Offshore Wind Leasing Round 5 - PDA 3;0;1500;Planned; ;2025;0;41006,786;333,557354; ;0,851078173;0,042638984
469;United Kingdom;Gwynt Glas;0;1500;Planned; ;2025;0;35824,93659;369,0507039; ;0,921262042;0,047555008
470;United Kingdom;Offshore Wind Leasing Round 5 - PDA 2;0;1500;Planned; ;2025;0;58291,39222;357,5324943; ;0,971280632;0,045801149
471;United Kingdom;Sinclair;0;100;Planned;Floating;2026;0;58700,69771;24,91401522; ;0,355192788;0,00380822
472;Sweden;Simpevarp Havsvindpark;98;800;Planned; ;2024;0;940,7268305;145,8326423; ;0,895268439;0,021773624
473;Sweden;Kårehamn;16;48;Production; ;2025;2013;3572,40624;4,401113389; ;0,147569675;0,000650065
474;Sweden;Bockstigen II;0;0;Planned; ;2025;0;1224,628785;19,55075397; ;0,221653139;0,002891947
475;Sweden;Valgrundet Offshore;0;375;Planned; ;2025;0;2372,713472;9,039932306; ;0,235996116;0,001295512
476;Sweden;Aurum vindkraftspark;0;2200;Planned; ;2025;0;870,3851629;349,7060143; ;2,069380104;0,064263015
477;Sweden;Kattegatt Syd;0;1200;Approved; ;2025;0;19350,14911;102,7716399; ;0,531013868;0,015096174
478;Sweden;Skåne havsvindpark;0;1,5;Planned; ;2025;0;22425,02836;504,2006445; ;1,517858229;0,070942265
479;Sweden;Aurora;0;0;Planned; ;2024;0;22532,42915;1039,481827; ;1,854813103;0,152257352
480;Sweden;Arkona vindkraftpark;0;1,2;Planned; ;2025;0;22365,65586;208,524778; ;0,680625391;0,029329731
481;Sweden;Warberg Offshore Wind;0;600;Planned; ;2025;0;12669,59244;106,6600037; ;0,55751347;0,015788837
482;Sweden;Baltic offshore Delta South;0;0;Planned; ;2024;0;55897,34084;638,822983; ;1,442683483;0,099494761
483;Sweden;Gävle Öst Havsvindpark;0;4860;Planned; ;2025;0;61011,03239;399,8376597; ;1,667371951;0,06675808
484;Sweden;Ymer;0;0;Planned; ;2024;0;21246,00398;719,0787457; ;1,991461416;0,102202604
485;Sweden;Elinor;0;0;Planned; ;2024;0;24203,17413;566,9201175; ;1,494233031;0,086013568
486;Sweden;Baltic Edge;0;1000;Planned; ;2025;0;109,4120384;236,4021683; ;1,448633085;0,033372133
487;Sweden;Baltic Offshore Alpha;0;1960;Planned; ;2025;0;29813,27042;431,6729845; ;1,192421814;0,066273604
488;Sweden;Baltic Offshore Beta;0;3340;Planned; ;2024;0;22248,27802;434,3777453; ;1,59274967;0,061727117
489;Sweden;Baltic Offshore Delta North;0;2100;Planned; ;2025;0;31564,81045;379,1258849; ;1,060080875;0,059553038
490;Sweden;Baltic Offshore Epsilon;0;3000;Planned; ;2025;0;31003,22247;611,8431053; ;1,210865545;0,094419109
491;Sweden;Blekinge Offshore;0;1000;Planned; ;2024;0;5193,349161;149,1801631; ;0,579785352;0,021449697
492;Sweden;Bockstigen 1;5;2750;Production; ;2025;1998;1834,063207;0,741833819; ;0,05241886;0,000109722
493;Sweden;Bothnia Offshore Kappa;0;2740;Planned; ;2025;0;22651,27921;209,4708873; ;1,23587134;0,038453603
494;Sweden;Bothnia Offshore Lambda;0;3440;Planned; ;2025;0;27027,13899;615,8384148; ;1,355962437;0,104074369
495;Sweden;Bothnia Offshore Omega;0;1300;Planned; ;2025;0;34231,34145;422,2120962; ;1,282311707;0,080037208
496;Sweden;Bothnia Offshore Sigma;0;2740;Planned; ;2025;0;74777,18319;640,0688889; ;1,624538358;0,109583818
497;Sweden;Cirrus;0;2550;Planned; ;2024;0;21238,62871;454,5426202; ;1,373315145;0,064753562
498;Sweden;Dyning;0;2000;Planned; ;2024;0;35159,86472;373,767532; ;1,041958533;0,057164773
499;Sweden;Erik Segersäll Vindkraftpark;0;2;Planned; ;2025;0;31801,465;1097,686357; ;1,854239546;0,170210705
500;Sweden;Eystrasalt;0;4000;Planned; ;2025;0;52023,11631;949,3507382; ;1,700865683;0,161652312
501;Sweden;Falkenberg-Halmstad;0;1000;Planned; ;2025;0;6361,8899;359,2110163; ;0,98906763;0,052673929
502;Sweden;Gretas Klackar;0;0;Planned; ;2025;0;6730,74546;163,3285939; ;0,658923517;0,027538265
503;Sweden;Herkules;0;2750;Planned; ;2024;0;55668,72474;1170,315246; ;2,512716737;0,170747535
504;Sweden;Kapheira;0;2000;Planned; ;2025;0;26785,33578;355,6442421; ;1,043759157;0,05403549
505;Denmark;Kriegers Flak II;128;640;Approved; ;2025;2001;28649,21438;62,77451207; ;0,493669213;0,008828436
506;Sweden;Kultje;0;2150;Planned; ;2025;0;22656,17183;564,3426657; ;1,224957802;0,083134874
507;Sweden;Lillgrund;48;110,4;Production; ;2025;2007;4890,512304;7,087603216; ;0,133490215;0,00100768
508;Sweden;Mareld;0;2300;Planned; ;2025;0;31930,83664;307,0060844; ;1,356456697;0,046830987
509;Sweden;Najaderna;0;1000;Planned; ;2025;0;13832,30405;349,5379163; ;1,035347799;0,057574391
510;Sweden;Neptuni;0;2000;Planned; ;2024;0;12154,04262;237,1437024; ;0,844143888;0,035444254
511;Sweden;Neptunus;0;0;Planned; ;2024;0;15828,0676;643,6336979; ;1,606666452;0,091734023
512;Sweden;Nya Utgrunden;0;340;Planned; ;2025;0;5052,936945;24,56745435; ;0,233461442;0,003569783
513;Sweden;Öland-Hoburg I;0;600;Planned; ;2025;0;29716,83933;306,1025825; ;0,98804575;0,0440281
514;Sweden;Öland-Hoburg II;0;750;Planned; ;2025;0;60803,93836;525,416462; ;1,302157164;0,07599084
515;Sweden;Öland-Hoburg III;0;750;Planned; ;2025;0;23503,18045;435,9113903; ;1,288095369;0,063794041
516;Sweden;Olof Skötkonung;0;1750;Planned; ;2025;0;23222,7692;468,6824499; ;1,539568713;0,077427583
517;Sweden;Pleione;0;0;Planned; ;2024;0;33657,5996;194,2346103; ;0,660761274;0,029023829
518;Sweden;Polargrund Offshore;0;1600;Planned; ;2025;0;9862,245772;440,9394122; ;1,471550203;0,084892045
519;Sweden;Ran;0;1800;Planned; ;2025;0;9880,111263;326,5109291; ;1,014629523;0,04917138
520;Sweden;Sjollen;0;300;Planned; ;2025;0;3982,348246;23,51235194; ;0,296852695;0,003357324
521;Sweden;Skagerrak Offshore Gamma;0;2740;Planned; ;2025;0;37497,92398;528,2897846; ;1,085121918;0,081133764
522;Sweden;Skidbladner;0;2000;Planned; ;2024;0;22255,21908;1417,605381; ;2,249677236;0,218763557
523;Sweden;Slite;0;600;Planned; ;2025;0;4712,397642;688,5605308; ;1,462448062;0,103531996
524;Sweden;Södra Victoria;0;2000;Planned; ;2024;0;40009,91881;174,1373995; ;0,666900856;0,024838476
525;Sweden;Sundsvall;0;1200;Planned; ;2025;0;6361,67704;525,7830287; ;1,370161631;0,090640426
526;Sweden;Sydkustens Vind;0;500;Planned; ;2025;0;8044,154666;52,27332209; ;0,438347214;0,007390057
527;Sweden;Sylen;261;5000;Planned; ;2025;0;44616,57286;525,2587697; ;1,532369928;0,088142488
528;Sweden;Triton;0;0;Planned; ;2024;0;22316,56931;252,9781233; ;1,379111073;0,035735188
529;Sweden;Utgrunden I;7;10,5;Dismantled; ;2025;2000;6971,370249;1,444835088; ;0,071339194;0,000209837
530;Sweden;Utposten 2;0;0;Planned; ;2025;0;9481,119593;35,63348222; ;0,444068708;0,005920071
531;Sweden;Västvind;0;1000;Planned; ;2025;0;11396,09995;129,5549134; ;0,713762522;0,019540762
532;Sweden;Vidar;0;1400;Planned; ;2025;0;23202,44144;206,2982885; ;0,90473729;0,031848624
533;Sweden;Vindkraftpark Fyrskeppet;0;2000;Planned; ;2025;0;48727,07352;487,0771497; ;1,784130956;0,081142165
534;Sweden;Yttre stengrund;5;10;Dismantled; ;2025;2001;2650,8116;1,173327448; ;0,054421624;0,000169626
535;Sweden;Kattegatt Offshore;50;282;Approved; ;2025;0;6381,649369;22,11103672; ;0,22736688;0,003252245
536;Sweden;Bores Krona;0;3400;Planned; ;2024;0;2216,800708;324,7999181; ;2,538336698;0,062070012
537;Ireland;Arklow Bank;0;400;Approved; ;2024;0;5899,020475;65,03061966; ;0,567512831;0,008664637
538;Belgium;Belwind I & II;56;171;Production; ;2024;0;40610,19958;13,2011015; ;0,216230262;0,001714863
539;United Kingdom;Berwick Bank Wind Farm;307;4100;Planned;Grounded;2026;0;43344,99268;654,8626956; ;1,424257231;0,094975421
540;Belgium;C-Power;54;325,2;Production;Grounded;2026;0;24794,2642;19,85282328; ;0,342513785;0,002572465
541;Denmark;Energiø Nordsøen;0;0;Planned; ;2026;0;81896,74771;1052,293786; ;1,521335588;0,153561428
542;Sweden;Galene;21;400;Approved; ;2024;0;17907,87366;55,18572905; ;0,417966411;0,008168648
543;Denmark;Hesselø;0;0;Planned; ;2026;0;10756,98618;165,5709045; ;0,883614107;0,02403532
544;Belgium;Mermaid;28;235,2;Production; ;2025;2020;48413,1829;16,26791313; ;0,201074109;0,002115705
545;United Kingdom;Morven;0;2907;Planned;Grounded;2026;0;61156,69833;860,3585088; ;1,792697699;0,125365656
546;Germany;N-10.1;0;2000;Planned; ;2026;0;110169,5267;150,6992498; ;0,926876834;0,02091462
547;Germany;N-10.2;0;500;Planned; ;2026;0;109485,1318;30,99963992; ;0,330641424;0,004307277
548;Germany;N-11.1;0;2000;Planned; ;2025;0;104228,7587;205,0046438; ;0,699196158;0,028569982
549;Germany;N-11.2;0;1500;Planned; ;2024;0;109582,1614;155,7073393; ;0,706889904;0,021766694
550;Germany;N-12.1;0;2000;Planned; ;2025;0;116676,4132;193,2905727; ;0,836259706;0,026991764
551;Germany;N-12.2;0;2000;Planned; ;2025;0;127961,6312;187,0649633; ;0,805452677;0,026189877
552;Germany;N-12.3;0;1000;Planned; ;2026;0;128204,2941;79,65246484; ;0,527620634;0,01116282
553;Germany;N-13.1;0;500;Planned; ;2026;0;120866,9649;50,26812218; ;0,394086371;0,007052919
554;Germany;N-13.2;0;1000;Planned; ;2026;0;119369,359;90,97772077; ;0,520193712;0,012783196
555;Germany;N-13.3;0;2000;Planned; ;2026;0;107776,7483;194,9041222; ;0,687289592;0,027443105
556;Germany;N-21.1;0;2000;Planned; ;2024;0;81921,30435;242,2613233; ;1,398356132;0,033523706
557;Germany;N-9.1;0;2000;Planned; ;2024;0;98842,04006;157,5719072; ;0,773460284;0,021816384
558;Germany;N-9.2;0;2000;Planned; ;2024;0;101235,0945;157,3790448; ;0,739395995;0,0218107
559;Germany;N-9.3;0;1500;Planned; ;2024;0;108319,4227;105,6545523; ;0,658353258;0,014687726
560;Germany;NC 1;16;240;Planned;Grounded;2026;0;34301,95884;10,46410823; ;0,171191823;0,001434998
561;Germany;NC 2;30;450;Planned;Grounded;2026;0;37564,34593;20,59950742; ;0,395373533;0,002828942
562;Belgium;Nobelwind;51;165;Production;Grounded;2026;0;39248,24693;22,34337596; ;0,384584895;0,002902831
563;Germany;Nordlicht I;68;1020;Planned;Grounded;2026;0;76210,54537;50,15645694; ;0,8122563;0,006918952
564;Denmark;Nordsøen I A3;0;0;Planned; ;2024;0;19998,6088;400,3792963; ;1,410031144;0,057961447
565;Denmark;Nordsøen I A2;0;0;Planned; ;2024;0;19990,01906;400,4990851; ;1,202795484;0,057650753
566;Denmark;Nordsøen I A1;0;0;Planned; ;2024;0;19964,01895;401,6631858; ;1,142770808;0,057571003
567;Belgium;Northwind;72;216;Production;Grounded;2026;2014;33657,80183;13,84711735; ;0,208535538;0,001796869
568;Ireland;Oriel Wind Farm;55;330;Planned; ;2025;0;4880,280254;27,71136269; ;0,230937193;0,003789352
569;Sweden;Poseidon;94;1400;Planned; ;2024;0;20322,07234;175,1579466; ;1,15526756;0,026527213
570;Ireland;North Irish Sea Array;0;530;Planned;Grounded;2026;0;2102,985826;246,3654955; ;0,976778291;0,033478371
571;Denmark;Rønland;8;17;Production;Grounded;2026;2003;90,78856913;0,633425673; ;0,103746833;9,27621E-05
572;Denmark;Thor;72;1008;Construction; ;2025;0;22010,73413;285,8771337; ;1,021346156;0,041482875
573;Ireland;Codling Bank;220;1100;Approved; ;2024;0;11080,35491;58,50006547; ;0,524984387;0,016772441
574;Ireland;Dublin Array;0;1000;Planned;Grounded;2026;0;8756,178313;30,99357821; ;0,44999999;0,007916667
575;United Kingdom;South Pembrokeshire Demonstration Zone;0;180;Planned; ;2025;0;13086,86962;90,40250504; ;1,220202268;0,023257352
576;Sweden;Storgrundet;70;1020;Approved; ;2025;0;4168,423748;61,67364183; ;0,404085675;0,010275056
577;Sweden;Gretas Klackar 2;38;1020;Approved; ;2025;0;20005,0637;50,78837396; ;0,413466787;0,008505869
578;Sweden;Mimer (B159);0;0;Planned; ;2025;0;55587,10121;245,7062816; ;1,094708428;0,041582706
579;Sweden;Vidar öst;56;0;Planned; ;2025;0;19115,14355;146,3008034; ;0,598136669;0,022639661
580;Belgium;Princess Elisabeth Zone Lot 1;0;700;Planned; ;2025;2029;45332,08069;45,99025962; ;0,362756176;0,005966834
581;Belgium;Princess Elisabeth Zone Lot 2.1;0;700;Planned; ;2025;2030;38722,21251;12,05175292; ;0,201958271;0,00156145
582;Belgium;Princess Elisabeth Zone Lot 2.2;0;700;Planned; ;2025;2030;32489,34474;91,33885485; ;0,544215078;0,011800829
583;Belgium;Princess Elisabeth Zone Lot 3;0;1400;Planned; ;2025;2030;34930,39939;106,7381573; ;0,602906354;0,013815135
584;Finland;Störmskar;0;2000;Planned; ;2025;0;15006,6599;578,5321034; ;2,397316184;0,095287669
585;Finland;Väderskär;0;475;Planned; ;2025;0;6150,131138;96,17087755; ;1,247746338;0,015683394
586;Finland; ;0;0;Planned; ;2025;0;6880,642237;332,4516669; ;2,947972012;0,0529193
587;France;BNE (Bretagne Nord Est);0;2000;Planned; ;2026;2040;13455,07796;360,805582; ;1,224917215;0,044228128
588;France;BNO (Bretagne Nord Ouest);0;2000;Planned; ;2026;2035;15984,75367;351,2926004; ;0,997780621;0,043070568
589;Netherlands;Doordewind II;0;2300;Planned; ;2026;2032;83403,94732;182,1362428; ;0,766295167;0,025148662
590;France;FGL (Fécamp-Grand-Large);0;4000;Planned;Grounded;2026;2035;24994,93971;591,0950666; ;1,444625822;0,074121155
591;Germany;N-12.4;0;1000;Planned; ;2026;2033;140306,6885;90,11300454; ;0,550420572;0,01260678
592;Germany;N-12.5;0;1000;Planned; ;2026;2033;140478,2151;104,7939291; ;0,596749551;0,014691749
593;Germany;N-12.6;0;2000;Planned; ;2026;2034;121155,4413;213,4108972; ;0,785657592;0,030010938
594;Germany;N-9.4;0;1000;Planned; ;2026;2032;118811,8907;140,8981514; ;0,582652535;0,019590336
595;Germany;N-9.5;0;1000;Planned; ;2026;2033;104855,7048;145,9202113; ;0,595472714;0,020226476
596;France;RD (Roches-Douvres);0;2000;Planned; ;2026;2040;21678,10314;875,5851295; ;2,067117301;0,107962728
597;Ireland;SC-DMAP Maritime Area: B - Lí Ban;0;1500;Planned; ;2026;2030;23675,54579;368,2416452; ;0,99467192;0,047997568
598;Ireland;SC-DMAP Maritime Area: C - Manannán;0;1400;Planned; ;2026;2030;23035,46056;341,4270537; ;0,895947182;0,044475697
599;Ireland;SC-DMAP Maritime Area: D - Danu;0;1300;Planned; ;2026;2030;22812,17202;300,4863142; ;0,89361734;0,039183233
600;Netherlands;Zoekgebied 6/7;0;20000;Planned; ;2026;0;94883,89935;4636,471522; ;3,872519474;0,642697604
